subreddit,topic,topic_label,count,share_within_group
Autos,1,Isn Hybrid,150,0.04051863857374392
Autos,3,Electric Car,133,0.035926526202052944
Autos,4,Make EV,133,0.035926526202052944
Autos,5,EV Tesla,117,0.031604538087520256
Autos,6,Ice Vehicle,116,0.031334413830361965
Autos,7,Toyota Hybrid Shopping,113,0.030524041058887088
Autos,8,Twin Turbo,107,0.02890329551593733
Autos,10,Super Car,100,0.02701242571582928
Autos,11,Diesel Hybrid,100,0.02701242571582928
Autos,12,EV Suv,93,0.025121555915721232
Autos,9,Mile Gallon,90,0.024311183144246355
Autos,14,Hybrid Powertrain,90,0.024311183144246355
Autos,15,Sport Car,88,0.02377093462992977
Autos,16,Toyota Hybrid Shopping,84,0.022690437601296597
Autos,13,PHEV Range,76,0.020529443544030253
Autos,17,Hybrid Porsche,68,0.018368449486763912
Autos,18,Hybrid Drivetrain,67,0.018098325229605618
Autos,19,Fuel Cell,62,0.016747703943814155
Autos,20,Grille Grill,61,0.016477579686655863
Autos,2,Honda Civic,59,0.015937331172339277
Autos,21,Hybrid Vs Non-Hybrid,59,0.015937331172339277
Autos,23,EV Suv,58,0.015667206915180983
Autos,24,Bmw Sery,57,0.01539708265802269
Autos,25,Electric Vehicle,56,0.015126958400864398
Autos,27,Hybrid Look,55,0.014856834143706105
Autos,26,Sonata Hybrid,52,0.014046461372231226
Autos,29,Spark EV,50,0.01350621285791464
Autos,33,Electric Hybrid,46,0.01242571582928147
Autos,34,Toyota Hybrid Shopping,45,0.012155591572123177
Autos,35,EV Charging,44,0.011885467314964884
Autos,36,Hybrid Car,44,0.011885467314964884
Autos,30,Plug Hybrid,42,0.011345218800648298
Autos,31,Manual Gearbox,42,0.011345218800648298
Autos,38,EV Market,42,0.011345218800648298
Autos,39,Twin Turbo,42,0.011345218800648298
Autos,40,Gas Car,41,0.011075094543490005
Autos,41,Toyota Hybrid Shopping,41,0.011075094543490005
Autos,42,Toyota Hybrid Shopping,41,0.011075094543490005
Autos,46,Hybrid Sport,39,0.01053484602917342
Autos,47,Plugin Hybrid,36,0.009724473257698542
Autos,48,Turbo Hybrid,34,0.009184224743381956
Autos,43,Toyota Hybrid Shopping,33,0.008914100486223663
Autos,44,Driving Range,33,0.008914100486223663
Autos,49,EV Battery,33,0.008914100486223663
Autos,50,Toyota Hybrid Shopping,32,0.00864397622906537
Autos,52,Mustang Mach,32,0.00864397622906537
Autos,54,EV Charging,31,0.008373851971907077
Autos,22,Battery Replacement,30,0.008103727714748784
Autos,55,Plug Hybrid,30,0.008103727714748784
Autos,58,EV Hybrid,28,0.007563479200432199
Autos,56,Civic Si,27,0.007293354943273906
Autos,57,Public Charging,27,0.007293354943273906
Autos,59,Car Hybrid,27,0.007293354943273906
Autos,62,Toyota Hybrid Shopping,25,0.00675310642895732
Autos,63,Electric Hybrid,25,0.00675310642895732
Autos,65,Fuel Pump,25,0.00675310642895732
Autos,60,Ford Fusion,22,0.005942733657482442
Autos,69,Sport Car,22,0.005942733657482442
Autos,70,EV Hybrid,22,0.005942733657482442
Autos,68,Said Car,21,0.005672609400324149
Autos,71,Powered Vehicle,21,0.005672609400324149
Autos,76,Battery Replacement,19,0.005132360886007563
Autos,32,Toyota Hybrid Shopping,18,0.004862236628849271
Autos,74,Electric Vehicle,18,0.004862236628849271
Autos,75,Just Plug,18,0.004862236628849271
Autos,77,Public Charging,18,0.004862236628849271
Autos,78,Car Drive,18,0.004862236628849271
Autos,51,Vs Gas,17,0.004592112371690978
Autos,80,RAV4 Pricing,17,0.004592112371690978
Autos,81,Toyota Hybrid Shopping,17,0.004592112371690978
Autos,61,Hybrid Vs Non-Hybrid,16,0.004321988114532685
Autos,66,Civic Accord,16,0.004321988114532685
Autos,72,Toyota Hybrid Shopping,16,0.004321988114532685
Autos,79,Toyota Hybrid Shopping,16,0.004321988114532685
Autos,82,American Car,16,0.004321988114532685
Autos,0,RAV4 Pricing,9,0.0024311183144246355
Autos,37,Federal Tax Credit,9,0.0024311183144246355
Autos,64,Toyota Hybrid Shopping,8,0.0021609940572663426
Autos,67,Toyota Hybrid Shopping,8,0.0021609940572663426
Autos,28,Lease And Financing,5,0.001350621285791464
Autos,53,RAV4 Pricing,2,0.0005402485143165856
Autos,45,Lease And Financing,1,0.0002701242571582928
Autos,73,Hybrid Vs Non-Hybrid,1,0.0002701242571582928
carbuying,0,RAV4 Pricing,161,0.25038880248833595
carbuying,2,Honda Civic,77,0.11975116640746501
carbuying,28,Lease And Financing,46,0.07153965785381027
carbuying,45,Lease And Financing,38,0.05909797822706065
carbuying,37,Federal Tax Credit,35,0.05443234836702955
carbuying,22,Battery Replacement,29,0.04510108864696734
carbuying,53,RAV4 Pricing,29,0.04510108864696734
carbuying,32,Toyota Hybrid Shopping,28,0.04354587869362364
carbuying,73,Hybrid Vs Non-Hybrid,18,0.027993779160186624
carbuying,64,Toyota Hybrid Shopping,17,0.026438569206842923
carbuying,13,PHEV Range,16,0.024883359253499222
carbuying,51,Vs Gas,16,0.024883359253499222
carbuying,67,Toyota Hybrid Shopping,15,0.02332814930015552
carbuying,9,Mile Gallon,12,0.01866251944012442
carbuying,61,Hybrid Vs Non-Hybrid,10,0.015552099533437015
carbuying,1,Isn Hybrid,8,0.012441679626749611
carbuying,66,Civic Accord,8,0.012441679626749611
carbuying,43,Toyota Hybrid Shopping,7,0.01088646967340591
carbuying,44,Driving Range,7,0.01088646967340591
carbuying,5,EV Tesla,6,0.00933125972006221
carbuying,6,Ice Vehicle,6,0.00933125972006221
carbuying,30,Plug Hybrid,6,0.00933125972006221
carbuying,60,Ford Fusion,5,0.007776049766718507
carbuying,26,Sonata Hybrid,4,0.006220839813374806
carbuying,31,Manual Gearbox,4,0.006220839813374806
carbuying,72,Toyota Hybrid Shopping,4,0.006220839813374806
carbuying,3,Electric Car,2,0.003110419906687403
carbuying,7,Toyota Hybrid Shopping,2,0.003110419906687403
carbuying,38,EV Market,2,0.003110419906687403
carbuying,47,Plugin Hybrid,2,0.003110419906687403
carbuying,56,Civic Si,2,0.003110419906687403
carbuying,57,Public Charging,2,0.003110419906687403
carbuying,79,Toyota Hybrid Shopping,2,0.003110419906687403
carbuying,4,Make EV,1,0.0015552099533437014
carbuying,10,Super Car,1,0.0015552099533437014
carbuying,11,Diesel Hybrid,1,0.0015552099533437014
carbuying,16,Toyota Hybrid Shopping,1,0.0015552099533437014
carbuying,29,Spark EV,1,0.0015552099533437014
carbuying,39,Twin Turbo,1,0.0015552099533437014
carbuying,48,Turbo Hybrid,1,0.0015552099533437014
carbuying,49,EV Battery,1,0.0015552099533437014
carbuying,50,Toyota Hybrid Shopping,1,0.0015552099533437014
carbuying,62,Toyota Hybrid Shopping,1,0.0015552099533437014
carbuying,63,Electric Hybrid,1,0.0015552099533437014
carbuying,68,Said Car,1,0.0015552099533437014
carbuying,74,Electric Vehicle,1,0.0015552099533437014
carbuying,75,Just Plug,1,0.0015552099533437014
carbuying,77,Public Charging,1,0.0015552099533437014
carbuying,80,RAV4 Pricing,1,0.0015552099533437014
carbuying,81,Toyota Hybrid Shopping,1,0.0015552099533437014
