topic,topic_label,doc_count,share
0,RAV4 Pricing,170,0.039125431530494824
1,Isn Hybrid,158,0.03636363636363636
2,Honda Civic,136,0.031300345224395856
3,Electric Car,135,0.031070195627157654
4,Make EV,134,0.03084004602991945
5,EV Tesla,123,0.028308400460299196
6,Ice Vehicle,122,0.02807825086306099
7,Toyota Hybrid Shopping,115,0.026467203682393557
8,Twin Turbo,107,0.024626006904487917
9,Mile Gallon,102,0.023475258918296892
11,Diesel Hybrid,101,0.023245109321058686
10,Super Car,101,0.023245109321058686
12,EV Suv,93,0.02140391254315305
13,PHEV Range,92,0.021173762945914845
14,Hybrid Powertrain,90,0.020713463751438434
15,Sport Car,88,0.020253164556962026
16,Toyota Hybrid Shopping,85,0.019562715765247412
17,Hybrid Porsche,68,0.015650172612197928
18,Hybrid Drivetrain,67,0.015420023014959724
19,Fuel Cell,62,0.014269275028768699
20,Grille Grill,61,0.014039125431530495
21,Hybrid Vs Non-Hybrid,59,0.013578826237054085
22,Battery Replacement,59,0.013578826237054085
23,EV Suv,58,0.013348676639815881
24,Bmw Sery,57,0.013118527042577675
25,Electric Vehicle,56,0.012888377445339471
26,Sonata Hybrid,56,0.012888377445339471
27,Hybrid Look,55,0.012658227848101266
28,Lease And Financing,51,0.011737629459148446
29,Spark EV,51,0.011737629459148446
30,Plug Hybrid,48,0.011047180667433832
33,Electric Hybrid,46,0.010586881472957423
31,Manual Gearbox,46,0.010586881472957423
32,Toyota Hybrid Shopping,46,0.010586881472957423
34,Toyota Hybrid Shopping,45,0.010356731875719217
35,EV Charging,44,0.010126582278481013
36,Hybrid Car,44,0.010126582278481013
37,Federal Tax Credit,44,0.010126582278481013
38,EV Market,44,0.010126582278481013
39,Twin Turbo,43,0.009896432681242807
42,Toyota Hybrid Shopping,41,0.009436133486766397
41,Toyota Hybrid Shopping,41,0.009436133486766397
40,Gas Car,41,0.009436133486766397
43,Toyota Hybrid Shopping,40,0.009205983889528193
44,Driving Range,40,0.009205983889528193
45,Lease And Financing,39,0.00897583429228999
46,Hybrid Sport,39,0.00897583429228999
47,Plugin Hybrid,38,0.008745684695051784
48,Turbo Hybrid,35,0.00805523590333717
49,EV Battery,34,0.007825086306098964
50,Toyota Hybrid Shopping,33,0.007594936708860759
51,Vs Gas,33,0.007594936708860759
52,Mustang Mach,32,0.007364787111622554
53,RAV4 Pricing,31,0.0071346375143843494
54,EV Charging,31,0.0071346375143843494
55,Plug Hybrid,30,0.006904487917146145
56,Civic Si,29,0.0066743383199079406
57,Public Charging,29,0.0066743383199079406
58,EV Hybrid,28,0.006444188722669736
59,Car Hybrid,27,0.006214039125431531
60,Ford Fusion,27,0.006214039125431531
63,Electric Hybrid,26,0.005983889528193326
62,Toyota Hybrid Shopping,26,0.005983889528193326
61,Hybrid Vs Non-Hybrid,26,0.005983889528193326
65,Fuel Pump,25,0.005753739930955121
64,Toyota Hybrid Shopping,25,0.005753739930955121
66,Civic Accord,24,0.005523590333716916
67,Toyota Hybrid Shopping,23,0.005293440736478711
68,Said Car,22,0.005063291139240506
69,Sport Car,22,0.005063291139240506
70,EV Hybrid,22,0.005063291139240506
71,Powered Vehicle,21,0.0048331415420023015
72,Toyota Hybrid Shopping,20,0.004602991944764097
76,Battery Replacement,19,0.004372842347525892
77,Public Charging,19,0.004372842347525892
73,Hybrid Vs Non-Hybrid,19,0.004372842347525892
75,Just Plug,19,0.004372842347525892
74,Electric Vehicle,19,0.004372842347525892
78,Car Drive,18,0.004142692750287687
79,Toyota Hybrid Shopping,18,0.004142692750287687
80,RAV4 Pricing,18,0.004142692750287687
81,Toyota Hybrid Shopping,18,0.004142692750287687
82,American Car,16,0.003682393555811277
