topic,topic_label,doc_count,avg_score,median_score,p75_score,avg_tokens
12,EV Suv,93,64.10752688172043,1.0,7.0,24.086021505376344
62,Toyota Hybrid Shopping,26,50.23076923076923,2.0,6.0,22.307692307692307
15,Sport Car,88,44.02272727272727,1.0,6.0,38.11363636363637
52,Mustang Mach,32,36.9375,2.5,7.75,55.0625
63,Electric Hybrid,26,27.307692307692307,1.0,3.0,26.26923076923077
17,Hybrid Porsche,68,16.735294117647058,2.0,8.0,42.911764705882355
54,EV Charging,31,15.709677419354838,2.0,8.0,28.161290322580644
20,Grille Grill,61,15.59016393442623,2.0,7.0,45.868852459016395
70,EV Hybrid,22,12.454545454545455,3.0,9.0,30.772727272727273
27,Hybrid Look,55,10.50909090909091,2.0,3.5,22.8
6,Ice Vehicle,122,10.28688524590164,1.0,2.0,64.57377049180327
36,Hybrid Car,44,10.227272727272727,2.0,7.25,46.72727272727273
18,Hybrid Drivetrain,67,8.805970149253731,2.0,3.0,75.3731343283582
47,Plugin Hybrid,38,7.368421052631579,2.0,5.0,17.736842105263158
1,Isn Hybrid,158,7.151898734177215,1.0,3.75,11.462025316455696
14,Hybrid Powertrain,90,6.633333333333334,2.0,4.0,33.36666666666667
69,Sport Car,22,6.409090909090909,2.0,7.0,88.81818181818181
10,Super Car,101,5.881188118811881,2.0,6.0,90.24752475247524
39,Twin Turbo,43,5.627906976744186,2.0,6.0,25.25581395348837
57,Public Charging,29,5.275862068965517,1.0,3.0,94.20689655172414
42,Toyota Hybrid Shopping,41,5.219512195121951,2.0,5.0,23.853658536585368
4,Make EV,134,4.985074626865671,1.0,3.75,19.365671641791046
55,Plug Hybrid,30,4.766666666666667,2.5,4.75,65.0
23,EV Suv,58,4.620689655172414,1.0,4.0,12.327586206896552
3,Electric Car,135,4.562962962962963,1.0,3.0,129.71851851851852
5,EV Tesla,123,4.560975609756097,2.0,3.0,114.00813008130082
59,Car Hybrid,27,4.555555555555555,2.0,5.0,21.185185185185187
31,Manual Gearbox,46,4.543478260869565,2.0,3.0,91.26086956521739
16,Toyota Hybrid Shopping,85,4.223529411764706,2.0,4.0,87.68235294117648
8,Twin Turbo,107,4.196261682242991,2.0,3.0,84.8785046728972
38,EV Market,44,4.0227272727272725,2.0,3.25,53.56818181818182
41,Toyota Hybrid Shopping,41,3.4878048780487805,1.0,3.0,120.97560975609755
40,Gas Car,41,3.341463414634146,1.0,3.0,89.21951219512195
44,Driving Range,40,3.15,2.0,4.0,27.85
72,Toyota Hybrid Shopping,20,3.15,2.0,2.75,59.0
48,Turbo Hybrid,35,2.857142857142857,1.0,2.5,13.628571428571428
46,Hybrid Sport,39,2.8461538461538463,1.0,2.5,54.58974358974359
29,Spark EV,51,2.843137254901961,1.0,3.0,39.529411764705884
68,Said Car,22,2.8181818181818183,2.0,3.0,67.5
33,Electric Hybrid,46,2.8043478260869565,1.0,3.0,105.45652173913044
60,Ford Fusion,27,2.740740740740741,1.0,3.0,59.03703703703704
24,Bmw Sery,57,2.736842105263158,1.0,1.0,23.614035087719298
9,Mile Gallon,102,2.7058823529411766,1.0,2.0,70.33333333333333
13,PHEV Range,92,2.510869565217391,1.0,1.0,53.58695652173913
51,Vs Gas,33,2.484848484848485,1.0,2.0,88.96969696969697
7,Toyota Hybrid Shopping,115,2.417391304347826,1.0,3.0,85.43478260869566
43,Toyota Hybrid Shopping,40,2.3,1.0,2.0,29.275
19,Fuel Cell,62,2.2903225806451615,1.0,2.0,95.88709677419355
34,Toyota Hybrid Shopping,45,2.2222222222222223,1.0,3.0,95.24444444444444
21,Hybrid Vs Non-Hybrid,59,2.2033898305084745,1.0,3.0,53.76271186440678
22,Battery Replacement,59,2.0338983050847457,1.0,2.0,63.91525423728814
11,Diesel Hybrid,101,1.99009900990099,1.0,2.0,125.62376237623762
0,RAV4 Pricing,170,1.9529411764705882,1.0,2.0,184.13529411764705
45,Lease And Financing,39,1.8974358974358974,2.0,2.0,159.97435897435898
56,Civic Si,29,1.896551724137931,1.0,2.0,64.10344827586206
66,Civic Accord,24,1.7916666666666667,1.0,2.0,83.16666666666667
2,Honda Civic,136,1.75,1.0,2.0,105.33088235294117
58,EV Hybrid,28,1.75,1.0,2.0,103.42857142857143
50,Toyota Hybrid Shopping,33,1.696969696969697,1.0,1.0,18.363636363636363
25,Electric Vehicle,56,1.6607142857142858,1.0,2.0,89.01785714285714
67,Toyota Hybrid Shopping,23,1.608695652173913,1.0,2.0,146.43478260869566
65,Fuel Pump,25,1.56,1.0,2.0,138.2
30,Plug Hybrid,48,1.5416666666666667,1.0,2.0,81.8125
28,Lease And Financing,51,1.5294117647058822,1.0,2.0,221.45098039215685
53,RAV4 Pricing,31,1.5161290322580645,1.0,1.5,79.51612903225806
61,Hybrid Vs Non-Hybrid,26,1.4615384615384615,1.0,1.0,97.76923076923077
64,Toyota Hybrid Shopping,25,1.44,1.0,2.0,132.72
71,Powered Vehicle,21,1.380952380952381,1.0,2.0,84.38095238095238
37,Federal Tax Credit,44,1.3636363636363635,1.0,2.0,77.79545454545455
26,Sonata Hybrid,56,1.3571428571428572,1.0,2.0,36.232142857142854
32,Toyota Hybrid Shopping,46,1.326086956521739,1.0,1.0,56.869565217391305
49,EV Battery,34,1.1176470588235294,1.0,1.0,59.5
35,EV Charging,44,1.0681818181818181,1.0,1.0,14.090909090909092
