created_year,topic,topic_label,count,share_within_year
2008,7,Toyota Hybrid Shopping,1,0.2
2008,23,EV Suv,1,0.2
2008,26,Sonata Hybrid,1,0.2
2008,60,Ford Fusion,1,0.2
2008,81,Toyota Hybrid Shopping,1,0.2
2009,24,Bmw Sery,6,0.09836065573770492
2009,48,Turbo Hybrid,6,0.09836065573770492
2009,23,EV Suv,5,0.08196721311475409
2009,7,Toyota Hybrid Shopping,4,0.06557377049180328
2009,1,Isn Hybrid,3,0.04918032786885246
2009,14,Hybrid Powertrain,3,0.04918032786885246
2009,17,Hybrid Porsche,3,0.04918032786885246
2009,26,Sonata Hybrid,3,0.04918032786885246
2009,50,Toyota Hybrid Shopping,3,0.04918032786885246
2009,60,Ford Fusion,3,0.04918032786885246
2009,15,Sport Car,2,0.03278688524590164
2009,21,Hybrid Vs Non-Hybrid,2,0.03278688524590164
2009,55,Plug Hybrid,2,0.03278688524590164
2009,63,Electric Hybrid,2,0.03278688524590164
2009,81,Toyota Hybrid Shopping,2,0.03278688524590164
2009,9,Mile Gallon,1,0.01639344262295082
2009,16,Toyota Hybrid Shopping,1,0.01639344262295082
2009,22,Battery Replacement,1,0.01639344262295082
2009,30,Plug Hybrid,1,0.01639344262295082
2009,38,EV Market,1,0.01639344262295082
2009,41,Toyota Hybrid Shopping,1,0.01639344262295082
2009,42,Toyota Hybrid Shopping,1,0.01639344262295082
2009,44,Driving Range,1,0.01639344262295082
2009,65,Fuel Pump,1,0.01639344262295082
2009,72,Toyota Hybrid Shopping,1,0.01639344262295082
2009,74,Electric Vehicle,1,0.01639344262295082
2009,82,American Car,1,0.01639344262295082
2010,16,Toyota Hybrid Shopping,29,0.16666666666666666
2010,17,Hybrid Porsche,15,0.08620689655172414
2010,21,Hybrid Vs Non-Hybrid,15,0.08620689655172414
2010,9,Mile Gallon,11,0.06321839080459771
2010,7,Toyota Hybrid Shopping,10,0.05747126436781609
2010,2,Honda Civic,9,0.05172413793103448
2010,11,Diesel Hybrid,8,0.04597701149425287
2010,24,Bmw Sery,7,0.040229885057471264
2010,48,Turbo Hybrid,6,0.034482758620689655
2010,1,Isn Hybrid,5,0.028735632183908046
2010,26,Sonata Hybrid,5,0.028735632183908046
2010,36,Hybrid Car,5,0.028735632183908046
2010,15,Sport Car,4,0.022988505747126436
2010,3,Electric Car,3,0.017241379310344827
2010,4,Make EV,3,0.017241379310344827
2010,22,Battery Replacement,3,0.017241379310344827
2010,59,Car Hybrid,3,0.017241379310344827
2010,23,EV Suv,2,0.011494252873563218
2010,39,Twin Turbo,2,0.011494252873563218
2010,44,Driving Range,2,0.011494252873563218
2010,51,Vs Gas,2,0.011494252873563218
2010,60,Ford Fusion,2,0.011494252873563218
2010,65,Fuel Pump,2,0.011494252873563218
2010,66,Civic Accord,2,0.011494252873563218
2010,74,Electric Vehicle,2,0.011494252873563218
2010,5,EV Tesla,1,0.005747126436781609
2010,6,Ice Vehicle,1,0.005747126436781609
2010,8,Twin Turbo,1,0.005747126436781609
2010,14,Hybrid Powertrain,1,0.005747126436781609
2010,18,Hybrid Drivetrain,1,0.005747126436781609
2010,25,Electric Vehicle,1,0.005747126436781609
2010,28,Lease And Financing,1,0.005747126436781609
2010,32,Toyota Hybrid Shopping,1,0.005747126436781609
2010,35,EV Charging,1,0.005747126436781609
2010,38,EV Market,1,0.005747126436781609
2010,43,Toyota Hybrid Shopping,1,0.005747126436781609
2010,46,Hybrid Sport,1,0.005747126436781609
2010,50,Toyota Hybrid Shopping,1,0.005747126436781609
2010,56,Civic Si,1,0.005747126436781609
2010,61,Hybrid Vs Non-Hybrid,1,0.005747126436781609
2010,63,Electric Hybrid,1,0.005747126436781609
2010,81,Toyota Hybrid Shopping,1,0.005747126436781609
2011,16,Toyota Hybrid Shopping,18,0.08
2011,11,Diesel Hybrid,15,0.06666666666666667
2011,7,Toyota Hybrid Shopping,13,0.057777777777777775
2011,2,Honda Civic,10,0.044444444444444446
2011,21,Hybrid Vs Non-Hybrid,10,0.044444444444444446
2011,66,Civic Accord,9,0.04
2011,8,Twin Turbo,8,0.035555555555555556
2011,15,Sport Car,8,0.035555555555555556
2011,1,Isn Hybrid,7,0.03111111111111111
2011,49,EV Battery,7,0.03111111111111111
2011,9,Mile Gallon,6,0.02666666666666667
2011,14,Hybrid Powertrain,6,0.02666666666666667
2011,17,Hybrid Porsche,6,0.02666666666666667
2011,33,Electric Hybrid,6,0.02666666666666667
2011,36,Hybrid Car,5,0.022222222222222223
2011,65,Fuel Pump,5,0.022222222222222223
2011,3,Electric Car,4,0.017777777777777778
2011,22,Battery Replacement,4,0.017777777777777778
2011,30,Plug Hybrid,4,0.017777777777777778
2011,31,Manual Gearbox,4,0.017777777777777778
2011,44,Driving Range,4,0.017777777777777778
2011,51,Vs Gas,4,0.017777777777777778
2011,29,Spark EV,3,0.013333333333333334
2011,68,Said Car,3,0.013333333333333334
2011,71,Powered Vehicle,3,0.013333333333333334
2011,72,Toyota Hybrid Shopping,3,0.013333333333333334
2011,0,RAV4 Pricing,2,0.008888888888888889
2011,4,Make EV,2,0.008888888888888889
2011,6,Ice Vehicle,2,0.008888888888888889
2011,10,Super Car,2,0.008888888888888889
2011,18,Hybrid Drivetrain,2,0.008888888888888889
2011,19,Fuel Cell,2,0.008888888888888889
2011,23,EV Suv,2,0.008888888888888889
2011,24,Bmw Sery,2,0.008888888888888889
2011,26,Sonata Hybrid,2,0.008888888888888889
2011,34,Toyota Hybrid Shopping,2,0.008888888888888889
2011,46,Hybrid Sport,2,0.008888888888888889
2011,50,Toyota Hybrid Shopping,2,0.008888888888888889
2011,55,Plug Hybrid,2,0.008888888888888889
2011,57,Public Charging,2,0.008888888888888889
2011,59,Car Hybrid,2,0.008888888888888889
2011,60,Ford Fusion,2,0.008888888888888889
2011,63,Electric Hybrid,2,0.008888888888888889
2011,64,Toyota Hybrid Shopping,2,0.008888888888888889
2011,25,Electric Vehicle,1,0.0044444444444444444
2011,27,Hybrid Look,1,0.0044444444444444444
2011,40,Gas Car,1,0.0044444444444444444
2011,43,Toyota Hybrid Shopping,1,0.0044444444444444444
2011,47,Plugin Hybrid,1,0.0044444444444444444
2011,52,Mustang Mach,1,0.0044444444444444444
2011,54,EV Charging,1,0.0044444444444444444
2011,58,EV Hybrid,1,0.0044444444444444444
2011,62,Toyota Hybrid Shopping,1,0.0044444444444444444
2011,74,Electric Vehicle,1,0.0044444444444444444
2011,75,Just Plug,1,0.0044444444444444444
2011,78,Car Drive,1,0.0044444444444444444
2011,81,Toyota Hybrid Shopping,1,0.0044444444444444444
2011,82,American Car,1,0.0044444444444444444
2012,7,Toyota Hybrid Shopping,35,0.10903426791277258
2012,11,Diesel Hybrid,29,0.09034267912772585
2012,3,Electric Car,20,0.06230529595015576
2012,9,Mile Gallon,13,0.040498442367601244
2012,17,Hybrid Porsche,12,0.037383177570093455
2012,1,Isn Hybrid,11,0.03426791277258567
2012,2,Honda Civic,9,0.028037383177570093
2012,16,Toyota Hybrid Shopping,9,0.028037383177570093
2012,8,Twin Turbo,8,0.024922118380062305
2012,10,Super Car,7,0.021806853582554516
2012,15,Sport Car,6,0.018691588785046728
2012,22,Battery Replacement,6,0.018691588785046728
2012,33,Electric Hybrid,6,0.018691588785046728
2012,49,EV Battery,6,0.018691588785046728
2012,4,Make EV,5,0.01557632398753894
2012,27,Hybrid Look,5,0.01557632398753894
2012,36,Hybrid Car,5,0.01557632398753894
2012,55,Plug Hybrid,5,0.01557632398753894
2012,58,EV Hybrid,5,0.01557632398753894
2012,71,Powered Vehicle,5,0.01557632398753894
2012,75,Just Plug,5,0.01557632398753894
2012,14,Hybrid Powertrain,4,0.012461059190031152
2012,18,Hybrid Drivetrain,4,0.012461059190031152
2012,21,Hybrid Vs Non-Hybrid,4,0.012461059190031152
2012,24,Bmw Sery,4,0.012461059190031152
2012,25,Electric Vehicle,4,0.012461059190031152
2012,43,Toyota Hybrid Shopping,4,0.012461059190031152
2012,50,Toyota Hybrid Shopping,4,0.012461059190031152
2012,56,Civic Si,4,0.012461059190031152
2012,59,Car Hybrid,4,0.012461059190031152
2012,5,EV Tesla,3,0.009345794392523364
2012,13,PHEV Range,3,0.009345794392523364
2012,23,EV Suv,3,0.009345794392523364
2012,26,Sonata Hybrid,3,0.009345794392523364
2012,29,Spark EV,3,0.009345794392523364
2012,40,Gas Car,3,0.009345794392523364
2012,47,Plugin Hybrid,3,0.009345794392523364
2012,51,Vs Gas,3,0.009345794392523364
2012,60,Ford Fusion,3,0.009345794392523364
2012,65,Fuel Pump,3,0.009345794392523364
2012,66,Civic Accord,3,0.009345794392523364
2012,81,Toyota Hybrid Shopping,3,0.009345794392523364
2012,39,Twin Turbo,2,0.006230529595015576
2012,42,Toyota Hybrid Shopping,2,0.006230529595015576
2012,61,Hybrid Vs Non-Hybrid,2,0.006230529595015576
2012,64,Toyota Hybrid Shopping,2,0.006230529595015576
2012,67,Toyota Hybrid Shopping,2,0.006230529595015576
2012,77,Public Charging,2,0.006230529595015576
2012,82,American Car,2,0.006230529595015576
2012,0,RAV4 Pricing,1,0.003115264797507788
2012,6,Ice Vehicle,1,0.003115264797507788
2012,28,Lease And Financing,1,0.003115264797507788
2012,30,Plug Hybrid,1,0.003115264797507788
2012,32,Toyota Hybrid Shopping,1,0.003115264797507788
2012,34,Toyota Hybrid Shopping,1,0.003115264797507788
2012,37,Federal Tax Credit,1,0.003115264797507788
2012,38,EV Market,1,0.003115264797507788
2012,41,Toyota Hybrid Shopping,1,0.003115264797507788
2012,44,Driving Range,1,0.003115264797507788
2012,46,Hybrid Sport,1,0.003115264797507788
2012,48,Turbo Hybrid,1,0.003115264797507788
2012,52,Mustang Mach,1,0.003115264797507788
2012,53,RAV4 Pricing,1,0.003115264797507788
2012,62,Toyota Hybrid Shopping,1,0.003115264797507788
2012,63,Electric Hybrid,1,0.003115264797507788
2012,68,Said Car,1,0.003115264797507788
2012,70,EV Hybrid,1,0.003115264797507788
2012,72,Toyota Hybrid Shopping,1,0.003115264797507788
2012,74,Electric Vehicle,1,0.003115264797507788
2012,76,Battery Replacement,1,0.003115264797507788
2012,78,Car Drive,1,0.003115264797507788
2012,80,RAV4 Pricing,1,0.003115264797507788
2013,34,Toyota Hybrid Shopping,21,0.07094594594594594
2013,1,Isn Hybrid,18,0.060810810810810814
2013,46,Hybrid Sport,17,0.057432432432432436
2013,9,Mile Gallon,15,0.05067567567567568
2013,10,Super Car,13,0.04391891891891892
2013,11,Diesel Hybrid,13,0.04391891891891892
2013,14,Hybrid Powertrain,12,0.04054054054054054
2013,8,Twin Turbo,11,0.037162162162162164
2013,54,EV Charging,10,0.033783783783783786
2013,16,Toyota Hybrid Shopping,9,0.030405405405405407
2013,18,Hybrid Drivetrain,9,0.030405405405405407
2013,56,Civic Si,9,0.030405405405405407
2013,55,Plug Hybrid,8,0.02702702702702703
2013,15,Sport Car,7,0.02364864864864865
2013,27,Hybrid Look,7,0.02364864864864865
2013,17,Hybrid Porsche,6,0.02027027027027027
2013,62,Toyota Hybrid Shopping,6,0.02027027027027027
2013,2,Honda Civic,5,0.016891891891891893
2013,21,Hybrid Vs Non-Hybrid,5,0.016891891891891893
2013,26,Sonata Hybrid,5,0.016891891891891893
2013,33,Electric Hybrid,5,0.016891891891891893
2013,61,Hybrid Vs Non-Hybrid,5,0.016891891891891893
2013,68,Said Car,5,0.016891891891891893
2013,3,Electric Car,4,0.013513513513513514
2013,7,Toyota Hybrid Shopping,4,0.013513513513513514
2013,39,Twin Turbo,4,0.013513513513513514
2013,59,Car Hybrid,4,0.013513513513513514
2013,77,Public Charging,4,0.013513513513513514
2013,5,EV Tesla,3,0.010135135135135136
2013,24,Bmw Sery,3,0.010135135135135136
2013,36,Hybrid Car,3,0.010135135135135136
2013,38,EV Market,3,0.010135135135135136
2013,47,Plugin Hybrid,3,0.010135135135135136
2013,60,Ford Fusion,3,0.010135135135135136
2013,75,Just Plug,3,0.010135135135135136
2013,4,Make EV,2,0.006756756756756757
2013,19,Fuel Cell,2,0.006756756756756757
2013,22,Battery Replacement,2,0.006756756756756757
2013,25,Electric Vehicle,2,0.006756756756756757
2013,29,Spark EV,2,0.006756756756756757
2013,31,Manual Gearbox,2,0.006756756756756757
2013,42,Toyota Hybrid Shopping,2,0.006756756756756757
2013,69,Sport Car,2,0.006756756756756757
2013,71,Powered Vehicle,2,0.006756756756756757
2013,80,RAV4 Pricing,2,0.006756756756756757
2013,13,PHEV Range,1,0.0033783783783783786
2013,20,Grille Grill,1,0.0033783783783783786
2013,23,EV Suv,1,0.0033783783783783786
2013,30,Plug Hybrid,1,0.0033783783783783786
2013,32,Toyota Hybrid Shopping,1,0.0033783783783783786
2013,35,EV Charging,1,0.0033783783783783786
2013,44,Driving Range,1,0.0033783783783783786
2013,52,Mustang Mach,1,0.0033783783783783786
2013,57,Public Charging,1,0.0033783783783783786
2013,65,Fuel Pump,1,0.0033783783783783786
2013,72,Toyota Hybrid Shopping,1,0.0033783783783783786
2013,78,Car Drive,1,0.0033783783783783786
2013,79,Toyota Hybrid Shopping,1,0.0033783783783783786
2013,81,Toyota Hybrid Shopping,1,0.0033783783783783786
2014,5,EV Tesla,20,0.06535947712418301
2014,19,Fuel Cell,20,0.06535947712418301
2014,7,Toyota Hybrid Shopping,19,0.06209150326797386
2014,9,Mile Gallon,19,0.06209150326797386
2014,14,Hybrid Powertrain,13,0.042483660130718956
2014,1,Isn Hybrid,11,0.03594771241830065
2014,11,Diesel Hybrid,11,0.03594771241830065
2014,18,Hybrid Drivetrain,11,0.03594771241830065
2014,3,Electric Car,8,0.026143790849673203
2014,24,Bmw Sery,8,0.026143790849673203
2014,15,Sport Car,7,0.02287581699346405
2014,33,Electric Hybrid,7,0.02287581699346405
2014,17,Hybrid Porsche,6,0.0196078431372549
2014,25,Electric Vehicle,6,0.0196078431372549
2014,30,Plug Hybrid,6,0.0196078431372549
2014,36,Hybrid Car,6,0.0196078431372549
2014,41,Toyota Hybrid Shopping,6,0.0196078431372549
2014,8,Twin Turbo,5,0.016339869281045753
2014,16,Toyota Hybrid Shopping,5,0.016339869281045753
2014,27,Hybrid Look,5,0.016339869281045753
2014,29,Spark EV,5,0.016339869281045753
2014,34,Toyota Hybrid Shopping,5,0.016339869281045753
2014,43,Toyota Hybrid Shopping,5,0.016339869281045753
2014,55,Plug Hybrid,5,0.016339869281045753
2014,68,Said Car,5,0.016339869281045753
2014,4,Make EV,4,0.013071895424836602
2014,47,Plugin Hybrid,4,0.013071895424836602
2014,49,EV Battery,4,0.013071895424836602
2014,10,Super Car,3,0.00980392156862745
2014,23,EV Suv,3,0.00980392156862745
2014,26,Sonata Hybrid,3,0.00980392156862745
2014,38,EV Market,3,0.00980392156862745
2014,40,Gas Car,3,0.00980392156862745
2014,42,Toyota Hybrid Shopping,3,0.00980392156862745
2014,46,Hybrid Sport,3,0.00980392156862745
2014,79,Toyota Hybrid Shopping,3,0.00980392156862745
2014,6,Ice Vehicle,2,0.006535947712418301
2014,13,PHEV Range,2,0.006535947712418301
2014,20,Grille Grill,2,0.006535947712418301
2014,31,Manual Gearbox,2,0.006535947712418301
2014,48,Turbo Hybrid,2,0.006535947712418301
2014,56,Civic Si,2,0.006535947712418301
2014,58,EV Hybrid,2,0.006535947712418301
2014,62,Toyota Hybrid Shopping,2,0.006535947712418301
2014,63,Electric Hybrid,2,0.006535947712418301
2014,65,Fuel Pump,2,0.006535947712418301
2014,69,Sport Car,2,0.006535947712418301
2014,75,Just Plug,2,0.006535947712418301
2014,77,Public Charging,2,0.006535947712418301
2014,78,Car Drive,2,0.006535947712418301
2014,80,RAV4 Pricing,2,0.006535947712418301
2014,81,Toyota Hybrid Shopping,2,0.006535947712418301
2014,2,Honda Civic,1,0.0032679738562091504
2014,22,Battery Replacement,1,0.0032679738562091504
2014,35,EV Charging,1,0.0032679738562091504
2014,37,Federal Tax Credit,1,0.0032679738562091504
2014,39,Twin Turbo,1,0.0032679738562091504
2014,44,Driving Range,1,0.0032679738562091504
2014,50,Toyota Hybrid Shopping,1,0.0032679738562091504
2014,54,EV Charging,1,0.0032679738562091504
2014,57,Public Charging,1,0.0032679738562091504
2014,60,Ford Fusion,1,0.0032679738562091504
2014,61,Hybrid Vs Non-Hybrid,1,0.0032679738562091504
2014,72,Toyota Hybrid Shopping,1,0.0032679738562091504
2014,76,Battery Replacement,1,0.0032679738562091504
2014,82,American Car,1,0.0032679738562091504
2015,10,Super Car,20,0.10309278350515463
2015,1,Isn Hybrid,14,0.07216494845360824
2015,8,Twin Turbo,14,0.07216494845360824
2015,19,Fuel Cell,13,0.06701030927835051
2015,33,Electric Hybrid,10,0.05154639175257732
2015,50,Toyota Hybrid Shopping,10,0.05154639175257732
2015,5,EV Tesla,7,0.03608247422680412
2015,14,Hybrid Powertrain,6,0.030927835051546393
2015,7,Toyota Hybrid Shopping,5,0.02577319587628866
2015,15,Sport Car,5,0.02577319587628866
2015,17,Hybrid Porsche,5,0.02577319587628866
2015,31,Manual Gearbox,5,0.02577319587628866
2015,27,Hybrid Look,4,0.020618556701030927
2015,39,Twin Turbo,4,0.020618556701030927
2015,40,Gas Car,4,0.020618556701030927
2015,58,EV Hybrid,4,0.020618556701030927
2015,9,Mile Gallon,3,0.015463917525773196
2015,11,Diesel Hybrid,3,0.015463917525773196
2015,13,PHEV Range,3,0.015463917525773196
2015,18,Hybrid Drivetrain,3,0.015463917525773196
2015,21,Hybrid Vs Non-Hybrid,3,0.015463917525773196
2015,24,Bmw Sery,3,0.015463917525773196
2015,56,Civic Si,3,0.015463917525773196
2015,59,Car Hybrid,3,0.015463917525773196
2015,65,Fuel Pump,3,0.015463917525773196
2015,69,Sport Car,3,0.015463917525773196
2015,16,Toyota Hybrid Shopping,2,0.010309278350515464
2015,26,Sonata Hybrid,2,0.010309278350515464
2015,36,Hybrid Car,2,0.010309278350515464
2015,41,Toyota Hybrid Shopping,2,0.010309278350515464
2015,44,Driving Range,2,0.010309278350515464
2015,57,Public Charging,2,0.010309278350515464
2015,77,Public Charging,2,0.010309278350515464
2015,79,Toyota Hybrid Shopping,2,0.010309278350515464
2015,81,Toyota Hybrid Shopping,2,0.010309278350515464
2015,0,RAV4 Pricing,1,0.005154639175257732
2015,4,Make EV,1,0.005154639175257732
2015,23,EV Suv,1,0.005154639175257732
2015,29,Spark EV,1,0.005154639175257732
2015,35,EV Charging,1,0.005154639175257732
2015,43,Toyota Hybrid Shopping,1,0.005154639175257732
2015,46,Hybrid Sport,1,0.005154639175257732
2015,47,Plugin Hybrid,1,0.005154639175257732
2015,49,EV Battery,1,0.005154639175257732
2015,55,Plug Hybrid,1,0.005154639175257732
2015,60,Ford Fusion,1,0.005154639175257732
2015,62,Toyota Hybrid Shopping,1,0.005154639175257732
2015,73,Hybrid Vs Non-Hybrid,1,0.005154639175257732
2015,74,Electric Vehicle,1,0.005154639175257732
2015,75,Just Plug,1,0.005154639175257732
2015,82,American Car,1,0.005154639175257732
2016,8,Twin Turbo,11,0.0718954248366013
2016,1,Isn Hybrid,10,0.06535947712418301
2016,36,Hybrid Car,7,0.0457516339869281
2016,44,Driving Range,7,0.0457516339869281
2016,11,Diesel Hybrid,6,0.0392156862745098
2016,24,Bmw Sery,6,0.0392156862745098
2016,40,Gas Car,6,0.0392156862745098
2016,5,EV Tesla,5,0.032679738562091505
2016,47,Plugin Hybrid,5,0.032679738562091505
2016,50,Toyota Hybrid Shopping,5,0.032679738562091505
2016,7,Toyota Hybrid Shopping,4,0.026143790849673203
2016,10,Super Car,4,0.026143790849673203
2016,30,Plug Hybrid,4,0.026143790849673203
2016,31,Manual Gearbox,4,0.026143790849673203
2016,54,EV Charging,4,0.026143790849673203
2016,17,Hybrid Porsche,3,0.0196078431372549
2016,18,Hybrid Drivetrain,3,0.0196078431372549
2016,23,EV Suv,3,0.0196078431372549
2016,25,Electric Vehicle,3,0.0196078431372549
2016,26,Sonata Hybrid,3,0.0196078431372549
2016,63,Electric Hybrid,3,0.0196078431372549
2016,3,Electric Car,2,0.013071895424836602
2016,15,Sport Car,2,0.013071895424836602
2016,21,Hybrid Vs Non-Hybrid,2,0.013071895424836602
2016,33,Electric Hybrid,2,0.013071895424836602
2016,34,Toyota Hybrid Shopping,2,0.013071895424836602
2016,35,EV Charging,2,0.013071895424836602
2016,38,EV Market,2,0.013071895424836602
2016,39,Twin Turbo,2,0.013071895424836602
2016,41,Toyota Hybrid Shopping,2,0.013071895424836602
2016,42,Toyota Hybrid Shopping,2,0.013071895424836602
2016,46,Hybrid Sport,2,0.013071895424836602
2016,56,Civic Si,2,0.013071895424836602
2016,59,Car Hybrid,2,0.013071895424836602
2016,62,Toyota Hybrid Shopping,2,0.013071895424836602
2016,65,Fuel Pump,2,0.013071895424836602
2016,2,Honda Civic,1,0.006535947712418301
2016,4,Make EV,1,0.006535947712418301
2016,9,Mile Gallon,1,0.006535947712418301
2016,12,EV Suv,1,0.006535947712418301
2016,13,PHEV Range,1,0.006535947712418301
2016,14,Hybrid Powertrain,1,0.006535947712418301
2016,16,Toyota Hybrid Shopping,1,0.006535947712418301
2016,27,Hybrid Look,1,0.006535947712418301
2016,37,Federal Tax Credit,1,0.006535947712418301
2016,49,EV Battery,1,0.006535947712418301
2016,51,Vs Gas,1,0.006535947712418301
2016,55,Plug Hybrid,1,0.006535947712418301
2016,57,Public Charging,1,0.006535947712418301
2016,58,EV Hybrid,1,0.006535947712418301
2016,60,Ford Fusion,1,0.006535947712418301
2016,79,Toyota Hybrid Shopping,1,0.006535947712418301
2016,81,Toyota Hybrid Shopping,1,0.006535947712418301
2017,5,EV Tesla,11,0.08148148148148149
2017,1,Isn Hybrid,10,0.07407407407407407
2017,10,Super Car,9,0.06666666666666667
2017,3,Electric Car,6,0.044444444444444446
2017,8,Twin Turbo,6,0.044444444444444446
2017,26,Sonata Hybrid,5,0.037037037037037035
2017,44,Driving Range,5,0.037037037037037035
2017,36,Hybrid Car,4,0.02962962962962963
2017,47,Plugin Hybrid,4,0.02962962962962963
2017,63,Electric Hybrid,4,0.02962962962962963
2017,9,Mile Gallon,3,0.022222222222222223
2017,18,Hybrid Drivetrain,3,0.022222222222222223
2017,38,EV Market,3,0.022222222222222223
2017,39,Twin Turbo,3,0.022222222222222223
2017,62,Toyota Hybrid Shopping,3,0.022222222222222223
2017,2,Honda Civic,2,0.014814814814814815
2017,6,Ice Vehicle,2,0.014814814814814815
2017,11,Diesel Hybrid,2,0.014814814814814815
2017,14,Hybrid Powertrain,2,0.014814814814814815
2017,20,Grille Grill,2,0.014814814814814815
2017,22,Battery Replacement,2,0.014814814814814815
2017,24,Bmw Sery,2,0.014814814814814815
2017,27,Hybrid Look,2,0.014814814814814815
2017,29,Spark EV,2,0.014814814814814815
2017,35,EV Charging,2,0.014814814814814815
2017,40,Gas Car,2,0.014814814814814815
2017,45,Lease And Financing,2,0.014814814814814815
2017,48,Turbo Hybrid,2,0.014814814814814815
2017,57,Public Charging,2,0.014814814814814815
2017,76,Battery Replacement,2,0.014814814814814815
2017,82,American Car,2,0.014814814814814815
2017,0,RAV4 Pricing,1,0.007407407407407408
2017,4,Make EV,1,0.007407407407407408
2017,7,Toyota Hybrid Shopping,1,0.007407407407407408
2017,13,PHEV Range,1,0.007407407407407408
2017,15,Sport Car,1,0.007407407407407408
2017,16,Toyota Hybrid Shopping,1,0.007407407407407408
2017,17,Hybrid Porsche,1,0.007407407407407408
2017,23,EV Suv,1,0.007407407407407408
2017,25,Electric Vehicle,1,0.007407407407407408
2017,30,Plug Hybrid,1,0.007407407407407408
2017,31,Manual Gearbox,1,0.007407407407407408
2017,33,Electric Hybrid,1,0.007407407407407408
2017,43,Toyota Hybrid Shopping,1,0.007407407407407408
2017,50,Toyota Hybrid Shopping,1,0.007407407407407408
2017,54,EV Charging,1,0.007407407407407408
2017,55,Plug Hybrid,1,0.007407407407407408
2017,59,Car Hybrid,1,0.007407407407407408
2017,69,Sport Car,1,0.007407407407407408
2017,70,EV Hybrid,1,0.007407407407407408
2017,71,Powered Vehicle,1,0.007407407407407408
2017,75,Just Plug,1,0.007407407407407408
2017,77,Public Charging,1,0.007407407407407408
2017,78,Car Drive,1,0.007407407407407408
2017,79,Toyota Hybrid Shopping,1,0.007407407407407408
2018,8,Twin Turbo,11,0.08088235294117647
2018,10,Super Car,11,0.08088235294117647
2018,14,Hybrid Powertrain,9,0.0661764705882353
2018,1,Isn Hybrid,8,0.058823529411764705
2018,5,EV Tesla,6,0.04411764705882353
2018,15,Sport Car,6,0.04411764705882353
2018,69,Sport Car,6,0.04411764705882353
2018,2,Honda Civic,5,0.03676470588235294
2018,23,EV Suv,5,0.03676470588235294
2018,48,Turbo Hybrid,5,0.03676470588235294
2018,4,Make EV,4,0.029411764705882353
2018,17,Hybrid Porsche,4,0.029411764705882353
2018,43,Toyota Hybrid Shopping,4,0.029411764705882353
2018,41,Toyota Hybrid Shopping,3,0.022058823529411766
2018,42,Toyota Hybrid Shopping,3,0.022058823529411766
2018,11,Diesel Hybrid,2,0.014705882352941176
2018,13,PHEV Range,2,0.014705882352941176
2018,18,Hybrid Drivetrain,2,0.014705882352941176
2018,27,Hybrid Look,2,0.014705882352941176
2018,31,Manual Gearbox,2,0.014705882352941176
2018,33,Electric Hybrid,2,0.014705882352941176
2018,39,Twin Turbo,2,0.014705882352941176
2018,40,Gas Car,2,0.014705882352941176
2018,46,Hybrid Sport,2,0.014705882352941176
2018,57,Public Charging,2,0.014705882352941176
2018,62,Toyota Hybrid Shopping,2,0.014705882352941176
2018,6,Ice Vehicle,1,0.007352941176470588
2018,7,Toyota Hybrid Shopping,1,0.007352941176470588
2018,9,Mile Gallon,1,0.007352941176470588
2018,12,EV Suv,1,0.007352941176470588
2018,20,Grille Grill,1,0.007352941176470588
2018,22,Battery Replacement,1,0.007352941176470588
2018,24,Bmw Sery,1,0.007352941176470588
2018,25,Electric Vehicle,1,0.007352941176470588
2018,26,Sonata Hybrid,1,0.007352941176470588
2018,28,Lease And Financing,1,0.007352941176470588
2018,32,Toyota Hybrid Shopping,1,0.007352941176470588
2018,34,Toyota Hybrid Shopping,1,0.007352941176470588
2018,36,Hybrid Car,1,0.007352941176470588
2018,37,Federal Tax Credit,1,0.007352941176470588
2018,47,Plugin Hybrid,1,0.007352941176470588
2018,50,Toyota Hybrid Shopping,1,0.007352941176470588
2018,54,EV Charging,1,0.007352941176470588
2018,56,Civic Si,1,0.007352941176470588
2018,59,Car Hybrid,1,0.007352941176470588
2018,63,Electric Hybrid,1,0.007352941176470588
2018,67,Toyota Hybrid Shopping,1,0.007352941176470588
2018,68,Said Car,1,0.007352941176470588
2018,73,Hybrid Vs Non-Hybrid,1,0.007352941176470588
2018,79,Toyota Hybrid Shopping,1,0.007352941176470588
2019,3,Electric Car,14,0.044444444444444446
2019,15,Sport Car,14,0.044444444444444446
2019,4,Make EV,12,0.0380952380952381
2019,23,EV Suv,12,0.0380952380952381
2019,35,EV Charging,12,0.0380952380952381
2019,1,Isn Hybrid,11,0.03492063492063492
2019,6,Ice Vehicle,11,0.03492063492063492
2019,14,Hybrid Powertrain,11,0.03492063492063492
2019,5,EV Tesla,10,0.031746031746031744
2019,10,Super Car,10,0.031746031746031744
2019,18,Hybrid Drivetrain,10,0.031746031746031744
2019,29,Spark EV,9,0.02857142857142857
2019,34,Toyota Hybrid Shopping,9,0.02857142857142857
2019,8,Twin Turbo,8,0.025396825396825397
2019,16,Toyota Hybrid Shopping,8,0.025396825396825397
2019,27,Hybrid Look,8,0.025396825396825397
2019,22,Battery Replacement,7,0.022222222222222223
2019,39,Twin Turbo,7,0.022222222222222223
2019,69,Sport Car,7,0.022222222222222223
2019,70,EV Hybrid,7,0.022222222222222223
2019,43,Toyota Hybrid Shopping,6,0.01904761904761905
2019,48,Turbo Hybrid,6,0.01904761904761905
2019,52,Mustang Mach,6,0.01904761904761905
2019,24,Bmw Sery,5,0.015873015873015872
2019,25,Electric Vehicle,5,0.015873015873015872
2019,26,Sonata Hybrid,4,0.012698412698412698
2019,28,Lease And Financing,4,0.012698412698412698
2019,47,Plugin Hybrid,4,0.012698412698412698
2019,54,EV Charging,4,0.012698412698412698
2019,63,Electric Hybrid,4,0.012698412698412698
2019,65,Fuel Pump,4,0.012698412698412698
2019,0,RAV4 Pricing,3,0.009523809523809525
2019,9,Mile Gallon,3,0.009523809523809525
2019,13,PHEV Range,3,0.009523809523809525
2019,31,Manual Gearbox,3,0.009523809523809525
2019,38,EV Market,3,0.009523809523809525
2019,40,Gas Car,3,0.009523809523809525
2019,42,Toyota Hybrid Shopping,3,0.009523809523809525
2019,56,Civic Si,3,0.009523809523809525
2019,60,Ford Fusion,3,0.009523809523809525
2019,67,Toyota Hybrid Shopping,3,0.009523809523809525
2019,2,Honda Civic,2,0.006349206349206349
2019,7,Toyota Hybrid Shopping,2,0.006349206349206349
2019,17,Hybrid Porsche,2,0.006349206349206349
2019,20,Grille Grill,2,0.006349206349206349
2019,32,Toyota Hybrid Shopping,2,0.006349206349206349
2019,37,Federal Tax Credit,2,0.006349206349206349
2019,41,Toyota Hybrid Shopping,2,0.006349206349206349
2019,50,Toyota Hybrid Shopping,2,0.006349206349206349
2019,51,Vs Gas,2,0.006349206349206349
2019,66,Civic Accord,2,0.006349206349206349
2019,68,Said Car,2,0.006349206349206349
2019,11,Diesel Hybrid,1,0.0031746031746031746
2019,12,EV Suv,1,0.0031746031746031746
2019,19,Fuel Cell,1,0.0031746031746031746
2019,30,Plug Hybrid,1,0.0031746031746031746
2019,33,Electric Hybrid,1,0.0031746031746031746
2019,36,Hybrid Car,1,0.0031746031746031746
2019,44,Driving Range,1,0.0031746031746031746
2019,46,Hybrid Sport,1,0.0031746031746031746
2019,53,RAV4 Pricing,1,0.0031746031746031746
2019,59,Car Hybrid,1,0.0031746031746031746
2019,64,Toyota Hybrid Shopping,1,0.0031746031746031746
2019,72,Toyota Hybrid Shopping,1,0.0031746031746031746
2019,78,Car Drive,1,0.0031746031746031746
2019,80,RAV4 Pricing,1,0.0031746031746031746
2020,35,EV Charging,16,0.05423728813559322
2020,2,Honda Civic,15,0.05084745762711865
2020,4,Make EV,15,0.05084745762711865
2020,12,EV Suv,12,0.04067796610169491
2020,20,Grille Grill,12,0.04067796610169491
2020,0,RAV4 Pricing,11,0.03728813559322034
2020,1,Isn Hybrid,11,0.03728813559322034
2020,15,Sport Car,10,0.03389830508474576
2020,32,Toyota Hybrid Shopping,9,0.030508474576271188
2020,5,EV Tesla,7,0.023728813559322035
2020,10,Super Car,7,0.023728813559322035
2020,14,Hybrid Powertrain,7,0.023728813559322035
2020,67,Toyota Hybrid Shopping,7,0.023728813559322035
2020,23,EV Suv,6,0.020338983050847456
2020,31,Manual Gearbox,6,0.020338983050847456
2020,45,Lease And Financing,6,0.020338983050847456
2020,52,Mustang Mach,6,0.020338983050847456
2020,54,EV Charging,6,0.020338983050847456
2020,61,Hybrid Vs Non-Hybrid,6,0.020338983050847456
2020,64,Toyota Hybrid Shopping,6,0.020338983050847456
2020,6,Ice Vehicle,5,0.01694915254237288
2020,26,Sonata Hybrid,5,0.01694915254237288
2020,28,Lease And Financing,5,0.01694915254237288
2020,29,Spark EV,5,0.01694915254237288
2020,39,Twin Turbo,5,0.01694915254237288
2020,42,Toyota Hybrid Shopping,5,0.01694915254237288
2020,21,Hybrid Vs Non-Hybrid,4,0.013559322033898305
2020,25,Electric Vehicle,4,0.013559322033898305
2020,37,Federal Tax Credit,4,0.013559322033898305
2020,43,Toyota Hybrid Shopping,4,0.013559322033898305
2020,44,Driving Range,4,0.013559322033898305
2020,53,RAV4 Pricing,4,0.013559322033898305
2020,73,Hybrid Vs Non-Hybrid,4,0.013559322033898305
2020,8,Twin Turbo,3,0.010169491525423728
2020,24,Bmw Sery,3,0.010169491525423728
2020,30,Plug Hybrid,3,0.010169491525423728
2020,46,Hybrid Sport,3,0.010169491525423728
2020,3,Electric Car,2,0.006779661016949152
2020,13,PHEV Range,2,0.006779661016949152
2020,17,Hybrid Porsche,2,0.006779661016949152
2020,18,Hybrid Drivetrain,2,0.006779661016949152
2020,22,Battery Replacement,2,0.006779661016949152
2020,27,Hybrid Look,2,0.006779661016949152
2020,33,Electric Hybrid,2,0.006779661016949152
2020,57,Public Charging,2,0.006779661016949152
2020,59,Car Hybrid,2,0.006779661016949152
2020,62,Toyota Hybrid Shopping,2,0.006779661016949152
2020,63,Electric Hybrid,2,0.006779661016949152
2020,72,Toyota Hybrid Shopping,2,0.006779661016949152
2020,74,Electric Vehicle,2,0.006779661016949152
2020,75,Just Plug,2,0.006779661016949152
2020,7,Toyota Hybrid Shopping,1,0.003389830508474576
2020,9,Mile Gallon,1,0.003389830508474576
2020,38,EV Market,1,0.003389830508474576
2020,40,Gas Car,1,0.003389830508474576
2020,48,Turbo Hybrid,1,0.003389830508474576
2020,50,Toyota Hybrid Shopping,1,0.003389830508474576
2020,51,Vs Gas,1,0.003389830508474576
2020,55,Plug Hybrid,1,0.003389830508474576
2020,56,Civic Si,1,0.003389830508474576
2020,58,EV Hybrid,1,0.003389830508474576
2020,60,Ford Fusion,1,0.003389830508474576
2020,69,Sport Car,1,0.003389830508474576
2020,71,Powered Vehicle,1,0.003389830508474576
2020,77,Public Charging,1,0.003389830508474576
2020,78,Car Drive,1,0.003389830508474576
2020,82,American Car,1,0.003389830508474576
2021,6,Ice Vehicle,31,0.07711442786069651
2021,4,Make EV,29,0.07213930348258707
2021,12,EV Suv,23,0.05721393034825871
2021,0,RAV4 Pricing,17,0.04228855721393035
2021,2,Honda Civic,14,0.03482587064676617
2021,22,Battery Replacement,14,0.03482587064676617
2021,52,Mustang Mach,13,0.03233830845771144
2021,3,Electric Car,12,0.029850746268656716
2021,13,PHEV Range,12,0.029850746268656716
2021,25,Electric Vehicle,11,0.02736318407960199
2021,31,Manual Gearbox,10,0.024875621890547265
2021,32,Toyota Hybrid Shopping,9,0.022388059701492536
2021,20,Grille Grill,8,0.01990049751243781
2021,37,Federal Tax Credit,8,0.01990049751243781
2021,38,EV Market,8,0.01990049751243781
2021,1,Isn Hybrid,7,0.017412935323383085
2021,15,Sport Car,7,0.017412935323383085
2021,40,Gas Car,7,0.017412935323383085
2021,5,EV Tesla,6,0.014925373134328358
2021,57,Public Charging,6,0.014925373134328358
2021,8,Twin Turbo,5,0.012437810945273632
2021,10,Super Car,5,0.012437810945273632
2021,14,Hybrid Powertrain,5,0.012437810945273632
2021,18,Hybrid Drivetrain,5,0.012437810945273632
2021,27,Hybrid Look,5,0.012437810945273632
2021,29,Spark EV,5,0.012437810945273632
2021,30,Plug Hybrid,5,0.012437810945273632
2021,42,Toyota Hybrid Shopping,5,0.012437810945273632
2021,44,Driving Range,5,0.012437810945273632
2021,51,Vs Gas,5,0.012437810945273632
2021,72,Toyota Hybrid Shopping,5,0.012437810945273632
2021,78,Car Drive,5,0.012437810945273632
2021,80,RAV4 Pricing,5,0.012437810945273632
2021,9,Mile Gallon,4,0.009950248756218905
2021,41,Toyota Hybrid Shopping,4,0.009950248756218905
2021,45,Lease And Financing,4,0.009950248756218905
2021,53,RAV4 Pricing,4,0.009950248756218905
2021,64,Toyota Hybrid Shopping,4,0.009950248756218905
2021,74,Electric Vehicle,4,0.009950248756218905
2021,7,Toyota Hybrid Shopping,3,0.007462686567164179
2021,23,EV Suv,3,0.007462686567164179
2021,26,Sonata Hybrid,3,0.007462686567164179
2021,28,Lease And Financing,3,0.007462686567164179
2021,39,Twin Turbo,3,0.007462686567164179
2021,47,Plugin Hybrid,3,0.007462686567164179
2021,48,Turbo Hybrid,3,0.007462686567164179
2021,70,EV Hybrid,3,0.007462686567164179
2021,73,Hybrid Vs Non-Hybrid,3,0.007462686567164179
2021,79,Toyota Hybrid Shopping,3,0.007462686567164179
2021,11,Diesel Hybrid,2,0.004975124378109453
2021,24,Bmw Sery,2,0.004975124378109453
2021,34,Toyota Hybrid Shopping,2,0.004975124378109453
2021,43,Toyota Hybrid Shopping,2,0.004975124378109453
2021,55,Plug Hybrid,2,0.004975124378109453
2021,61,Hybrid Vs Non-Hybrid,2,0.004975124378109453
2021,68,Said Car,2,0.004975124378109453
2021,77,Public Charging,2,0.004975124378109453
2021,82,American Car,2,0.004975124378109453
2021,16,Toyota Hybrid Shopping,1,0.0024875621890547263
2021,17,Hybrid Porsche,1,0.0024875621890547263
2021,19,Fuel Cell,1,0.0024875621890547263
2021,35,EV Charging,1,0.0024875621890547263
2021,36,Hybrid Car,1,0.0024875621890547263
2021,49,EV Battery,1,0.0024875621890547263
2021,54,EV Charging,1,0.0024875621890547263
2021,58,EV Hybrid,1,0.0024875621890547263
2021,59,Car Hybrid,1,0.0024875621890547263
2021,63,Electric Hybrid,1,0.0024875621890547263
2021,65,Fuel Pump,1,0.0024875621890547263
2021,66,Civic Accord,1,0.0024875621890547263
2021,67,Toyota Hybrid Shopping,1,0.0024875621890547263
2022,0,RAV4 Pricing,50,0.08787346221441125
2022,12,EV Suv,40,0.070298769771529
2022,2,Honda Civic,29,0.050966608084358524
2022,4,Make EV,28,0.0492091388400703
2022,6,Ice Vehicle,28,0.0492091388400703
2022,20,Grille Grill,22,0.03866432337434095
2022,3,Electric Car,19,0.033391915641476276
2022,5,EV Tesla,16,0.028119507908611598
2022,1,Isn Hybrid,15,0.026362038664323375
2022,9,Mile Gallon,15,0.026362038664323375
2022,13,PHEV Range,15,0.026362038664323375
2022,19,Fuel Cell,14,0.02460456942003515
2022,28,Lease And Financing,13,0.022847100175746926
2022,38,EV Market,11,0.019332161687170474
2022,30,Plug Hybrid,10,0.01757469244288225
2022,32,Toyota Hybrid Shopping,10,0.01757469244288225
2022,37,Federal Tax Credit,10,0.01757469244288225
2022,51,Vs Gas,10,0.01757469244288225
2022,42,Toyota Hybrid Shopping,9,0.015817223198594025
2022,18,Hybrid Drivetrain,8,0.014059753954305799
2022,53,RAV4 Pricing,8,0.014059753954305799
2022,70,EV Hybrid,8,0.014059753954305799
2022,76,Battery Replacement,8,0.014059753954305799
2022,8,Twin Turbo,7,0.012302284710017574
2022,23,EV Suv,7,0.012302284710017574
2022,29,Spark EV,7,0.012302284710017574
2022,41,Toyota Hybrid Shopping,7,0.012302284710017574
2022,73,Hybrid Vs Non-Hybrid,7,0.012302284710017574
2022,10,Super Car,6,0.01054481546572935
2022,15,Sport Car,6,0.01054481546572935
2022,31,Manual Gearbox,6,0.01054481546572935
2022,64,Toyota Hybrid Shopping,6,0.01054481546572935
2022,74,Electric Vehicle,6,0.01054481546572935
2022,22,Battery Replacement,5,0.008787346221441126
2022,25,Electric Vehicle,5,0.008787346221441126
2022,27,Hybrid Look,5,0.008787346221441126
2022,35,EV Charging,5,0.008787346221441126
2022,43,Toyota Hybrid Shopping,5,0.008787346221441126
2022,45,Lease And Financing,5,0.008787346221441126
2022,71,Powered Vehicle,5,0.008787346221441126
2022,11,Diesel Hybrid,4,0.007029876977152899
2022,14,Hybrid Powertrain,4,0.007029876977152899
2022,24,Bmw Sery,4,0.007029876977152899
2022,26,Sonata Hybrid,4,0.007029876977152899
2022,67,Toyota Hybrid Shopping,4,0.007029876977152899
2022,72,Toyota Hybrid Shopping,4,0.007029876977152899
2022,7,Toyota Hybrid Shopping,3,0.005272407732864675
2022,40,Gas Car,3,0.005272407732864675
2022,44,Driving Range,3,0.005272407732864675
2022,48,Turbo Hybrid,3,0.005272407732864675
2022,52,Mustang Mach,3,0.005272407732864675
2022,57,Public Charging,3,0.005272407732864675
2022,62,Toyota Hybrid Shopping,3,0.005272407732864675
2022,75,Just Plug,3,0.005272407732864675
2022,80,RAV4 Pricing,3,0.005272407732864675
2022,49,EV Battery,2,0.0035149384885764497
2022,60,Ford Fusion,2,0.0035149384885764497
2022,61,Hybrid Vs Non-Hybrid,2,0.0035149384885764497
2022,66,Civic Accord,2,0.0035149384885764497
2022,79,Toyota Hybrid Shopping,2,0.0035149384885764497
2022,81,Toyota Hybrid Shopping,2,0.0035149384885764497
2022,21,Hybrid Vs Non-Hybrid,1,0.0017574692442882249
2022,36,Hybrid Car,1,0.0017574692442882249
2022,39,Twin Turbo,1,0.0017574692442882249
2022,47,Plugin Hybrid,1,0.0017574692442882249
2022,54,EV Charging,1,0.0017574692442882249
2022,55,Plug Hybrid,1,0.0017574692442882249
2022,56,Civic Si,1,0.0017574692442882249
2022,58,EV Hybrid,1,0.0017574692442882249
2022,78,Car Drive,1,0.0017574692442882249
2022,82,American Car,1,0.0017574692442882249
2023,0,RAV4 Pricing,84,0.11081794195250659
2023,13,PHEV Range,47,0.06200527704485488
2023,3,Electric Car,41,0.05408970976253298
2023,6,Ice Vehicle,38,0.05013192612137203
2023,2,Honda Civic,34,0.044854881266490766
2023,5,EV Tesla,28,0.036939313984168866
2023,4,Make EV,27,0.03562005277044855
2023,28,Lease And Financing,23,0.030343007915567283
2023,45,Lease And Financing,22,0.029023746701846966
2023,1,Isn Hybrid,17,0.022427440633245383
2023,37,Federal Tax Credit,16,0.021108179419525065
2023,12,EV Suv,15,0.01978891820580475
2023,21,Hybrid Vs Non-Hybrid,13,0.017150395778364115
2023,41,Toyota Hybrid Shopping,13,0.017150395778364115
2023,53,RAV4 Pricing,13,0.017150395778364115
2023,25,Electric Vehicle,12,0.0158311345646438
2023,32,Toyota Hybrid Shopping,12,0.0158311345646438
2023,49,EV Battery,12,0.0158311345646438
2023,58,EV Hybrid,12,0.0158311345646438
2023,20,Grille Grill,11,0.014511873350923483
2023,22,Battery Replacement,11,0.014511873350923483
2023,30,Plug Hybrid,11,0.014511873350923483
2023,7,Toyota Hybrid Shopping,9,0.011873350923482849
2023,8,Twin Turbo,9,0.011873350923482849
2023,19,Fuel Cell,9,0.011873350923482849
2023,29,Spark EV,9,0.011873350923482849
2023,27,Hybrid Look,8,0.010554089709762533
2023,47,Plugin Hybrid,8,0.010554089709762533
2023,26,Sonata Hybrid,7,0.009234828496042216
2023,38,EV Market,7,0.009234828496042216
2023,39,Twin Turbo,7,0.009234828496042216
2023,57,Public Charging,7,0.009234828496042216
2023,61,Hybrid Vs Non-Hybrid,7,0.009234828496042216
2023,76,Battery Replacement,7,0.009234828496042216
2023,9,Mile Gallon,6,0.0079155672823219
2023,14,Hybrid Powertrain,6,0.0079155672823219
2023,40,Gas Car,6,0.0079155672823219
2023,42,Toyota Hybrid Shopping,6,0.0079155672823219
2023,43,Toyota Hybrid Shopping,6,0.0079155672823219
2023,46,Hybrid Sport,6,0.0079155672823219
2023,11,Diesel Hybrid,5,0.006596306068601583
2023,51,Vs Gas,5,0.006596306068601583
2023,66,Civic Accord,5,0.006596306068601583
2023,67,Toyota Hybrid Shopping,5,0.006596306068601583
2023,77,Public Charging,5,0.006596306068601583
2023,10,Super Car,4,0.005277044854881266
2023,18,Hybrid Drivetrain,4,0.005277044854881266
2023,33,Electric Hybrid,4,0.005277044854881266
2023,60,Ford Fusion,4,0.005277044854881266
2023,64,Toyota Hybrid Shopping,4,0.005277044854881266
2023,71,Powered Vehicle,4,0.005277044854881266
2023,78,Car Drive,4,0.005277044854881266
2023,79,Toyota Hybrid Shopping,4,0.005277044854881266
2023,80,RAV4 Pricing,4,0.005277044854881266
2023,82,American Car,4,0.005277044854881266
2023,15,Sport Car,3,0.00395778364116095
2023,23,EV Suv,3,0.00395778364116095
2023,36,Hybrid Car,3,0.00395778364116095
2023,44,Driving Range,3,0.00395778364116095
2023,59,Car Hybrid,3,0.00395778364116095
2023,62,Toyota Hybrid Shopping,3,0.00395778364116095
2023,63,Electric Hybrid,3,0.00395778364116095
2023,68,Said Car,3,0.00395778364116095
2023,73,Hybrid Vs Non-Hybrid,3,0.00395778364116095
2023,17,Hybrid Porsche,2,0.002638522427440633
2023,34,Toyota Hybrid Shopping,2,0.002638522427440633
2023,35,EV Charging,2,0.002638522427440633
2023,50,Toyota Hybrid Shopping,2,0.002638522427440633
2023,56,Civic Si,2,0.002638522427440633
2023,70,EV Hybrid,2,0.002638522427440633
2023,81,Toyota Hybrid Shopping,2,0.002638522427440633
2023,16,Toyota Hybrid Shopping,1,0.0013192612137203166
2023,24,Bmw Sery,1,0.0013192612137203166
2023,31,Manual Gearbox,1,0.0013192612137203166
2023,52,Mustang Mach,1,0.0013192612137203166
2023,54,EV Charging,1,0.0013192612137203166
2023,55,Plug Hybrid,1,0.0013192612137203166
2023,65,Fuel Pump,1,0.0013192612137203166
2023,72,Toyota Hybrid Shopping,1,0.0013192612137203166
2023,74,Electric Vehicle,1,0.0013192612137203166
2023,75,Just Plug,1,0.0013192612137203166
